{
    "auth": {
        "username": "quypham_QnZmzM",
        "access_key": "CtQAUxwqLSxDAqRkXYEi"
      },
      "browsers": [{
        "browser": "chrome",
        "os": "Windows 10",
        "versions": ["latest", "latest - 1"]
      },
      {
        "browser": "firefox",
        "os": "OS X Mojave",
        "versions": ["latest", "latest - 1"]
      },
      {
        "browser": "edge",
        "os": "OS X Catalina",
        "versions": ["latest"]
      }
    ],
    "run_settings": {
        "cypress_config_file": "./cypress.config.ts",
        "cypress_version": "10",
        "project_name": "Cypress-SauceLabDemo",
        "build_name": "build-01",
        "specs": ["./cypress/e2e/spec_demo.cy.ts"],
        "exclude": [],
        "parallels": "2",
        "npm_dependencies": {
            "mochawesome": "^7.1.3",
            "mochawesome-merge": "^4.2.1",
            "mochawesome-report-generator": "^6.2.0",
            "typescript": "^4.8.4"
        },
        "package_config_options": {},
        "headless": true
    },
    "connection_settings": {
        "local": false
    }
}